"id","issue_id","changed_by_user_id","old_status","new_status","action_type","details","created_at","updated_at"
"1","1","1",,"OPEN","ASSIGN","Issue created via chat","2026-01-31 10:25:13.703505+00","2026-01-31 10:25:13.703505+00"
"2","1","1","OPEN","ASSIGNED","ASSIGN","Solver auto-assigned","2026-01-31 11:25:13.703505+00","2026-01-31 11:25:13.703505+00"
"3","1",,"ASSIGNED","IN_PROGRESS","UPDATE","Solver started work","2026-01-31 13:25:13.703505+00","2026-01-31 13:25:13.703505+00"
"4","1","1","RESOLVED_PENDING_REVIEW","COMPLETED","COMPLETE","Supervisor approved","2026-02-11 10:25:13.703505+00","2026-02-11 10:25:13.703505+00"
"5","2","2",,"OPEN","ASSIGN","Issue created via chat","2026-02-03 09:25:13.703505+00","2026-02-03 09:25:13.703505+00"
"6","2","2","OPEN","ASSIGNED","ASSIGN","Solver auto-assigned","2026-02-03 10:25:13.703505+00","2026-02-03 10:25:13.703505+00"
"7","2",,"ASSIGNED","IN_PROGRESS","UPDATE","Solver started work","2026-02-03 12:25:13.703505+00","2026-02-03 12:25:13.703505+00"
"8","2","2","RESOLVED_PENDING_REVIEW","COMPLETED","COMPLETE","Supervisor approved","2026-02-14 10:25:13.703505+00","2026-02-14 10:25:13.703505+00"
"9","3","1",,"OPEN","ASSIGN","Issue created via chat","2026-02-01 08:25:13.703505+00","2026-02-01 08:25:13.703505+00"
"10","3","1","OPEN","ASSIGNED","ASSIGN","Solver auto-assigned","2026-02-01 09:25:13.703505+00","2026-02-01 09:25:13.703505+00"
"11","3",,"ASSIGNED","IN_PROGRESS","UPDATE","Solver started work","2026-02-01 11:25:13.703505+00","2026-02-01 11:25:13.703505+00"
"12","3","1","RESOLVED_PENDING_REVIEW","COMPLETED","COMPLETE","Supervisor approved","2026-02-12 10:25:13.703505+00","2026-02-12 10:25:13.703505+00"
"13","4","1",,"OPEN","ASSIGN","Issue created via chat","2026-02-05 07:25:13.703505+00","2026-02-05 07:25:13.703505+00"
"14","4","1","OPEN","ASSIGNED","ASSIGN","Solver auto-assigned","2026-02-05 08:25:13.703505+00","2026-02-05 08:25:13.703505+00"
"15","4",,"ASSIGNED","IN_PROGRESS","UPDATE","Solver started work","2026-02-05 10:25:13.703505+00","2026-02-05 10:25:13.703505+00"
"16","4","1","RESOLVED_PENDING_REVIEW","COMPLETED","COMPLETE","Supervisor approved","2026-02-16 10:25:13.703505+00","2026-02-16 10:25:13.703505+00"
"17","5","3",,"OPEN","ASSIGN","Issue created via chat","2026-02-04 06:25:13.703505+00","2026-02-04 06:25:13.703505+00"
"18","5","3","OPEN","ASSIGNED","ASSIGN","Solver auto-assigned","2026-02-04 07:25:13.703505+00","2026-02-04 07:25:13.703505+00"
"19","5",,"ASSIGNED","IN_PROGRESS","UPDATE","Solver started work","2026-02-04 09:25:13.703505+00","2026-02-04 09:25:13.703505+00"
"20","5","3","RESOLVED_PENDING_REVIEW","COMPLETED","COMPLETE","Supervisor approved","2026-02-15 10:25:13.703505+00","2026-02-15 10:25:13.703505+00"
"21","6","3",,"OPEN","ASSIGN","Issue created via chat","2026-01-26 05:25:13.703505+00","2026-01-26 05:25:13.703505+00"
"22","6","3","OPEN","ASSIGNED","ASSIGN","Solver auto-assigned","2026-01-26 06:25:13.703505+00","2026-01-26 06:25:13.703505+00"
"23","6",,"ASSIGNED","IN_PROGRESS","UPDATE","Solver started work","2026-01-26 08:25:13.703505+00","2026-01-26 08:25:13.703505+00"
"24","6","3","RESOLVED_PENDING_REVIEW","COMPLETED","COMPLETE","Supervisor approved","2026-02-06 10:25:13.703505+00","2026-02-06 10:25:13.703505+00"
"25","7","3",,"OPEN","ASSIGN","Issue created via chat","2026-01-28 04:25:13.703505+00","2026-01-28 04:25:13.703505+00"
"26","7","3","OPEN","ASSIGNED","ASSIGN","Solver auto-assigned","2026-01-28 05:25:13.703505+00","2026-01-28 05:25:13.703505+00"
"27","7",,"ASSIGNED","IN_PROGRESS","UPDATE","Solver started work","2026-01-28 07:25:13.703505+00","2026-01-28 07:25:13.703505+00"
"28","7","3","RESOLVED_PENDING_REVIEW","COMPLETED","COMPLETE","Supervisor approved","2026-02-08 10:25:13.703505+00","2026-02-08 10:25:13.703505+00"
"29","8","3",,"OPEN","ASSIGN","Issue created via chat","2026-01-30 03:25:13.703505+00","2026-01-30 03:25:13.703505+00"
"30","8","3","OPEN","ASSIGNED","ASSIGN","Solver auto-assigned","2026-01-30 04:25:13.703505+00","2026-01-30 04:25:13.703505+00"
"31","8",,"ASSIGNED","IN_PROGRESS","UPDATE","Solver started work","2026-01-30 06:25:13.703505+00","2026-01-30 06:25:13.703505+00"
"32","8","3","RESOLVED_PENDING_REVIEW","COMPLETED","COMPLETE","Supervisor approved","2026-02-10 10:25:13.703505+00","2026-02-10 10:25:13.703505+00"
"33","9","1",,"OPEN","ASSIGN","Issue created via chat","2026-02-07 02:25:13.703505+00","2026-02-07 02:25:13.703505+00"
"34","9","1","OPEN","ASSIGNED","ASSIGN","Solver auto-assigned","2026-02-07 03:25:13.703505+00","2026-02-07 03:25:13.703505+00"
"35","9",,"ASSIGNED","IN_PROGRESS","UPDATE","Solver started work","2026-02-07 05:25:13.703505+00","2026-02-07 05:25:13.703505+00"
"36","9","1","RESOLVED_PENDING_REVIEW","COMPLETED","COMPLETE","Supervisor approved","2026-02-18 10:25:13.703505+00","2026-02-18 10:25:13.703505+00"
"37","10","2",,"OPEN","ASSIGN","Issue created via chat","2026-01-21 01:25:13.703505+00","2026-01-21 01:25:13.703505+00"
"38","10","2","OPEN","ASSIGNED","ASSIGN","Solver auto-assigned","2026-01-21 02:25:13.703505+00","2026-01-21 02:25:13.703505+00"
"39","10",,"ASSIGNED","IN_PROGRESS","UPDATE","Solver started work","2026-01-21 04:25:13.703505+00","2026-01-21 04:25:13.703505+00"
"40","10","2","RESOLVED_PENDING_REVIEW","COMPLETED","COMPLETE","Supervisor approved","2026-02-01 10:25:13.703505+00","2026-02-01 10:25:13.703505+00"
"41","11","1",,"OPEN","ASSIGN","Issue created via chat","2026-01-24 00:25:13.703505+00","2026-01-24 00:25:13.703505+00"
"42","11","1","OPEN","ASSIGNED","ASSIGN","Solver auto-assigned","2026-01-24 01:25:13.703505+00","2026-01-24 01:25:13.703505+00"
"43","11",,"ASSIGNED","IN_PROGRESS","UPDATE","Solver started work","2026-01-24 03:25:13.703505+00","2026-01-24 03:25:13.703505+00"
"44","11","1","RESOLVED_PENDING_REVIEW","COMPLETED","COMPLETE","Supervisor approved","2026-02-04 10:25:13.703505+00","2026-02-04 10:25:13.703505+00"
"45","12","1",,"OPEN","ASSIGN","Issue created via chat","2026-02-07 23:25:13.703505+00","2026-02-07 23:25:13.703505+00"
"46","12","1","OPEN","ASSIGNED","ASSIGN","Solver auto-assigned","2026-02-08 00:25:13.703505+00","2026-02-08 00:25:13.703505+00"
"47","12",,"ASSIGNED","IN_PROGRESS","UPDATE","Solver started work","2026-02-08 02:25:13.703505+00","2026-02-08 02:25:13.703505+00"
"48","12","1","RESOLVED_PENDING_REVIEW","COMPLETED","COMPLETE","Supervisor approved","2026-02-19 10:25:13.703505+00","2026-02-19 10:25:13.703505+00"
"49","13","2",,"OPEN","ASSIGN","Issue created via chat","2026-02-02 10:25:13.703505+00","2026-02-02 10:25:13.703505+00"
"50","13","2","OPEN","ASSIGNED","ASSIGN","Solver auto-assigned","2026-02-02 11:25:13.703505+00","2026-02-02 11:25:13.703505+00"
"51","13",,"ASSIGNED","IN_PROGRESS","UPDATE","Solver started work","2026-02-02 13:25:13.703505+00","2026-02-02 13:25:13.703505+00"
"52","13","2","RESOLVED_PENDING_REVIEW","COMPLETED","COMPLETE","Supervisor approved","2026-02-13 10:25:13.703505+00","2026-02-13 10:25:13.703505+00"
"53","14","2",,"OPEN","ASSIGN","Issue created via chat","2026-02-09 09:25:13.703505+00","2026-02-09 09:25:13.703505+00"
"54","14","2","OPEN","ASSIGNED","ASSIGN","Solver auto-assigned","2026-02-09 10:25:13.703505+00","2026-02-09 10:25:13.703505+00"
"55","14",,"ASSIGNED","IN_PROGRESS","UPDATE","Solver started work","2026-02-09 12:25:13.703505+00","2026-02-09 12:25:13.703505+00"
"56","14","2","RESOLVED_PENDING_REVIEW","COMPLETED","COMPLETE","Supervisor approved","2026-02-20 10:25:13.703505+00","2026-02-20 10:25:13.703505+00"
"57","15","3",,"OPEN","ASSIGN","Issue created via chat","2026-02-06 08:25:13.703505+00","2026-02-06 08:25:13.703505+00"
"58","15","3","OPEN","ASSIGNED","ASSIGN","Solver auto-assigned","2026-02-06 09:25:13.703505+00","2026-02-06 09:25:13.703505+00"
"59","15",,"ASSIGNED","IN_PROGRESS","UPDATE","Solver started work","2026-02-06 11:25:13.703505+00","2026-02-06 11:25:13.703505+00"
"60","15","3","RESOLVED_PENDING_REVIEW","COMPLETED","COMPLETE","Supervisor approved","2026-02-17 10:25:13.703505+00","2026-02-17 10:25:13.703505+00"
"61","16","1",,"OPEN","ASSIGN","Issue created via chat","2026-02-05 07:25:13.703505+00","2026-02-05 07:25:13.703505+00"
"62","16","1","OPEN","ASSIGNED","ASSIGN","Solver auto-assigned","2026-02-05 08:25:13.703505+00","2026-02-05 08:25:13.703505+00"
"63","16",,"ASSIGNED","IN_PROGRESS","UPDATE","Solver started work","2026-02-05 10:25:13.703505+00","2026-02-05 10:25:13.703505+00"
"64","16","1","RESOLVED_PENDING_REVIEW","COMPLETED","COMPLETE","Supervisor approved","2026-02-16 10:25:13.703505+00","2026-02-16 10:25:13.703505+00"
"65","17","2",,"OPEN","ASSIGN","Issue created via chat","2026-01-31 06:25:13.703505+00","2026-01-31 06:25:13.703505+00"
"66","17","2","OPEN","ASSIGNED","ASSIGN","Solver auto-assigned","2026-01-31 07:25:13.703505+00","2026-01-31 07:25:13.703505+00"
"67","17",,"ASSIGNED","IN_PROGRESS","UPDATE","Solver started work","2026-01-31 09:25:13.703505+00","2026-01-31 09:25:13.703505+00"
"68","17","2","RESOLVED_PENDING_REVIEW","COMPLETED","COMPLETE","Supervisor approved","2026-02-11 10:25:13.703505+00","2026-02-11 10:25:13.703505+00"
"69","18","2",,"OPEN","ASSIGN","Issue created via chat","2026-02-03 05:25:13.703505+00","2026-02-03 05:25:13.703505+00"
"70","18","2","OPEN","ASSIGNED","ASSIGN","Solver auto-assigned","2026-02-03 06:25:13.703505+00","2026-02-03 06:25:13.703505+00"
"71","18",,"ASSIGNED","IN_PROGRESS","UPDATE","Solver started work","2026-02-03 08:25:13.703505+00","2026-02-03 08:25:13.703505+00"
"72","18","2","RESOLVED_PENDING_REVIEW","COMPLETED","COMPLETE","Supervisor approved","2026-02-14 10:25:13.703505+00","2026-02-14 10:25:13.703505+00"
"73","19","3",,"OPEN","ASSIGN","Issue created via chat","2026-02-10 04:25:13.703505+00","2026-02-10 04:25:13.703505+00"
"74","19","3","OPEN","ASSIGNED","ASSIGN","Solver auto-assigned","2026-02-10 05:25:13.703505+00","2026-02-10 05:25:13.703505+00"
"75","19",,"ASSIGNED","IN_PROGRESS","UPDATE","Solver started work","2026-02-10 07:25:13.703505+00","2026-02-10 07:25:13.703505+00"
"76","19","3","RESOLVED_PENDING_REVIEW","COMPLETED","COMPLETE","Supervisor approved","2026-02-21 10:25:13.703505+00","2026-02-21 10:25:13.703505+00"
"77","20","3",,"OPEN","ASSIGN","Issue created via chat","2026-01-26 03:25:13.703505+00","2026-01-26 03:25:13.703505+00"
"78","20","3","OPEN","ASSIGNED","ASSIGN","Solver auto-assigned","2026-01-26 04:25:13.703505+00","2026-01-26 04:25:13.703505+00"
"79","20",,"ASSIGNED","IN_PROGRESS","UPDATE","Solver started work","2026-01-26 06:25:13.703505+00","2026-01-26 06:25:13.703505+00"
"80","20","3","RESOLVED_PENDING_REVIEW","COMPLETED","COMPLETE","Supervisor approved","2026-02-06 10:25:13.703505+00","2026-02-06 10:25:13.703505+00"
"81","21","2",,"OPEN","ASSIGN","Issue created via chat","2026-02-07 02:25:13.703505+00","2026-02-07 02:25:13.703505+00"
"82","21","2","OPEN","ASSIGNED","ASSIGN","Solver auto-assigned","2026-02-07 03:25:13.703505+00","2026-02-07 03:25:13.703505+00"
"83","21",,"ASSIGNED","IN_PROGRESS","UPDATE","Solver started work","2026-02-07 05:25:13.703505+00","2026-02-07 05:25:13.703505+00"
"84","21","2","RESOLVED_PENDING_REVIEW","COMPLETED","COMPLETE","Supervisor approved","2026-02-18 10:25:13.703505+00","2026-02-18 10:25:13.703505+00"
"85","22","1",,"OPEN","ASSIGN","Issue created via chat","2026-01-28 01:25:13.703505+00","2026-01-28 01:25:13.703505+00"
"86","22","1","OPEN","ASSIGNED","ASSIGN","Solver auto-assigned","2026-01-28 02:25:13.703505+00","2026-01-28 02:25:13.703505+00"
"87","22",,"ASSIGNED","IN_PROGRESS","UPDATE","Solver started work","2026-01-28 04:25:13.703505+00","2026-01-28 04:25:13.703505+00"
"88","22","1","RESOLVED_PENDING_REVIEW","COMPLETED","COMPLETE","Supervisor approved","2026-02-08 10:25:13.703505+00","2026-02-08 10:25:13.703505+00"
"89","23","1",,"OPEN","ASSIGN","Issue created via chat","2026-02-08 00:25:13.703505+00","2026-02-08 00:25:13.703505+00"
"90","23","1","OPEN","ASSIGNED","ASSIGN","Solver auto-assigned","2026-02-08 01:25:13.703505+00","2026-02-08 01:25:13.703505+00"
"91","23",,"ASSIGNED","IN_PROGRESS","UPDATE","Solver started work","2026-02-08 03:25:13.703505+00","2026-02-08 03:25:13.703505+00"
"92","23","1","RESOLVED_PENDING_REVIEW","COMPLETED","COMPLETE","Supervisor approved","2026-02-19 10:25:13.703505+00","2026-02-19 10:25:13.703505+00"
"93","24","3",,"OPEN","ASSIGN","Issue created via chat","2026-02-04 23:25:13.703505+00","2026-02-04 23:25:13.703505+00"
"94","24","3","OPEN","ASSIGNED","ASSIGN","Solver auto-assigned","2026-02-05 00:25:13.703505+00","2026-02-05 00:25:13.703505+00"
"95","24",,"ASSIGNED","IN_PROGRESS","UPDATE","Solver started work","2026-02-05 02:25:13.703505+00","2026-02-05 02:25:13.703505+00"
"96","24","3","RESOLVED_PENDING_REVIEW","COMPLETED","COMPLETE","Supervisor approved","2026-02-16 10:25:13.703505+00","2026-02-16 10:25:13.703505+00"
"97","25","3",,"OPEN","ASSIGN","Issue created via chat","2026-02-11 10:25:13.703505+00","2026-02-11 10:25:13.703505+00"
"98","25","3","OPEN","ASSIGNED","ASSIGN","Solver auto-assigned","2026-02-11 11:25:13.703505+00","2026-02-11 11:25:13.703505+00"
"99","25",,"ASSIGNED","IN_PROGRESS","UPDATE","Solver started work","2026-02-11 13:25:13.703505+00","2026-02-11 13:25:13.703505+00"
"100","25","3","RESOLVED_PENDING_REVIEW","COMPLETED","COMPLETE","Supervisor approved","2026-02-22 10:25:13.703505+00","2026-02-22 10:25:13.703505+00"
"101","26","1",,"OPEN","ASSIGN","Issue created via chat","2026-02-17 10:25:13.703505+00","2026-02-17 10:25:13.703505+00"
"102","26","1","OPEN","ASSIGNED","ASSIGN","Solver auto-assigned","2026-02-17 11:25:13.703505+00","2026-02-17 11:25:13.703505+00"
"103","26",,"ASSIGNED","IN_PROGRESS","UPDATE","Solver started work","2026-02-17 13:25:13.703505+00","2026-02-17 13:25:13.703505+00"
"104","27","2",,"OPEN","ASSIGN","Issue created via chat","2026-02-17 08:25:13.703505+00","2026-02-17 08:25:13.703505+00"
"105","27","2","OPEN","ASSIGNED","ASSIGN","Solver auto-assigned","2026-02-17 09:25:13.703505+00","2026-02-17 09:25:13.703505+00"
"106","27",,"ASSIGNED","IN_PROGRESS","UPDATE","Solver started work","2026-02-17 11:25:13.703505+00","2026-02-17 11:25:13.703505+00"
"107","28","2",,"OPEN","ASSIGN","Issue created via chat","2026-02-17 06:25:13.703505+00","2026-02-17 06:25:13.703505+00"
"108","28","2","OPEN","ASSIGNED","ASSIGN","Solver auto-assigned","2026-02-17 07:25:13.703505+00","2026-02-17 07:25:13.703505+00"
"109","28",,"ASSIGNED","IN_PROGRESS","UPDATE","Solver started work","2026-02-17 09:25:13.703505+00","2026-02-17 09:25:13.703505+00"
"110","29","3",,"OPEN","ASSIGN","Issue created via chat","2026-02-17 04:25:13.703505+00","2026-02-17 04:25:13.703505+00"
"111","29","3","OPEN","ASSIGNED","ASSIGN","Solver auto-assigned","2026-02-17 05:25:13.703505+00","2026-02-17 05:25:13.703505+00"
"112","29",,"ASSIGNED","IN_PROGRESS","UPDATE","Solver started work","2026-02-17 07:25:13.703505+00","2026-02-17 07:25:13.703505+00"
"113","30","1",,"OPEN","ASSIGN","Issue created via chat","2026-02-17 02:25:13.703505+00","2026-02-17 02:25:13.703505+00"
"114","30","1","OPEN","ASSIGNED","ASSIGN","Solver auto-assigned","2026-02-17 03:25:13.703505+00","2026-02-17 03:25:13.703505+00"
"115","30",,"ASSIGNED","IN_PROGRESS","UPDATE","Solver started work","2026-02-17 05:25:13.703505+00","2026-02-17 05:25:13.703505+00"
"116","31","2",,"OPEN","ASSIGN","Issue created via chat","2026-02-17 00:25:13.703505+00","2026-02-17 00:25:13.703505+00"
"117","31","2","OPEN","ASSIGNED","ASSIGN","Solver auto-assigned","2026-02-17 01:25:13.703505+00","2026-02-17 01:25:13.703505+00"
"118","31",,"ASSIGNED","IN_PROGRESS","UPDATE","Solver started work","2026-02-17 03:25:13.703505+00","2026-02-17 03:25:13.703505+00"
"119","32","3",,"OPEN","ASSIGN","Issue created via chat","2026-02-16 22:25:13.703505+00","2026-02-16 22:25:13.703505+00"
"120","32","3","OPEN","ASSIGNED","ASSIGN","Solver auto-assigned","2026-02-16 23:25:13.703505+00","2026-02-16 23:25:13.703505+00"
"121","32",,"ASSIGNED","IN_PROGRESS","UPDATE","Solver started work","2026-02-17 01:25:13.703505+00","2026-02-17 01:25:13.703505+00"
"122","33","3",,"OPEN","ASSIGN","Issue created via chat","2026-02-16 20:25:13.703505+00","2026-02-16 20:25:13.703505+00"
"123","33","3","OPEN","ASSIGNED","ASSIGN","Solver auto-assigned","2026-02-16 21:25:13.703505+00","2026-02-16 21:25:13.703505+00"
"124","33",,"ASSIGNED","IN_PROGRESS","UPDATE","Solver started work","2026-02-16 23:25:13.703505+00","2026-02-16 23:25:13.703505+00"
"125","34","3",,"OPEN","ASSIGN","Issue created via chat","2026-02-16 18:25:13.703505+00","2026-02-16 18:25:13.703505+00"
"126","34","3","OPEN","ASSIGNED","ASSIGN","Solver auto-assigned","2026-02-16 19:25:13.703505+00","2026-02-16 19:25:13.703505+00"
"127","34",,"ASSIGNED","IN_PROGRESS","UPDATE","Solver started work","2026-02-16 21:25:13.703505+00","2026-02-16 21:25:13.703505+00"
"128","35","1",,"OPEN","ASSIGN","Issue created via chat","2026-02-16 16:25:13.703505+00","2026-02-16 16:25:13.703505+00"
"129","35","1","OPEN","ASSIGNED","ASSIGN","Solver auto-assigned","2026-02-16 17:25:13.703505+00","2026-02-16 17:25:13.703505+00"
"130","35",,"ASSIGNED","IN_PROGRESS","UPDATE","Solver started work","2026-02-16 19:25:13.703505+00","2026-02-16 19:25:13.703505+00"
"131","36","2",,"OPEN","ASSIGN","Issue created via chat","2026-02-16 14:25:13.703505+00","2026-02-16 14:25:13.703505+00"
"132","36","2","OPEN","ASSIGNED","ASSIGN","Solver auto-assigned","2026-02-16 15:25:13.703505+00","2026-02-16 15:25:13.703505+00"
"133","36",,"ASSIGNED","IN_PROGRESS","UPDATE","Solver started work","2026-02-16 17:25:13.703505+00","2026-02-16 17:25:13.703505+00"
"134","37","3",,"OPEN","ASSIGN","Issue created via chat","2026-02-16 12:25:13.703505+00","2026-02-16 12:25:13.703505+00"
"135","37","3","OPEN","ASSIGNED","ASSIGN","Solver auto-assigned","2026-02-16 13:25:13.703505+00","2026-02-16 13:25:13.703505+00"
"136","37",,"ASSIGNED","IN_PROGRESS","UPDATE","Solver started work","2026-02-16 15:25:13.703505+00","2026-02-16 15:25:13.703505+00"
"137","38","2",,"OPEN","ASSIGN","Issue created via chat","2026-02-16 10:25:13.703505+00","2026-02-16 10:25:13.703505+00"
"138","38","2","OPEN","ASSIGNED","ASSIGN","Solver auto-assigned","2026-02-16 11:25:13.703505+00","2026-02-16 11:25:13.703505+00"
"139","38",,"ASSIGNED","IN_PROGRESS","UPDATE","Solver started work","2026-02-16 13:25:13.703505+00","2026-02-16 13:25:13.703505+00"
"140","39","1",,"OPEN","ASSIGN","Issue created via chat","2026-02-16 08:25:13.703505+00","2026-02-16 08:25:13.703505+00"
"141","39","1","OPEN","ASSIGNED","ASSIGN","Solver auto-assigned","2026-02-16 09:25:13.703505+00","2026-02-16 09:25:13.703505+00"
"142","39",,"ASSIGNED","IN_PROGRESS","UPDATE","Solver started work","2026-02-16 11:25:13.703505+00","2026-02-16 11:25:13.703505+00"
"143","40","1",,"OPEN","ASSIGN","Issue created via chat","2026-02-16 06:25:13.703505+00","2026-02-16 06:25:13.703505+00"
"144","40","1","OPEN","ASSIGNED","ASSIGN","Solver auto-assigned","2026-02-16 07:25:13.703505+00","2026-02-16 07:25:13.703505+00"
"145","40",,"ASSIGNED","IN_PROGRESS","UPDATE","Solver started work","2026-02-16 09:25:13.703505+00","2026-02-16 09:25:13.703505+00"
"146","41","1",,"OPEN","ASSIGN","Issue created via chat","2026-02-18 10:25:13.703505+00","2026-02-18 10:25:13.703505+00"
"147","41","1","OPEN","ASSIGNED","ASSIGN","Solver auto-assigned","2026-02-18 11:25:13.703505+00","2026-02-18 11:25:13.703505+00"
"148","42","2",,"OPEN","ASSIGN","Issue created via chat","2026-02-18 08:25:13.703505+00","2026-02-18 08:25:13.703505+00"
"149","42","2","OPEN","ASSIGNED","ASSIGN","Solver auto-assigned","2026-02-18 09:25:13.703505+00","2026-02-18 09:25:13.703505+00"
"150","43","2",,"OPEN","ASSIGN","Issue created via chat","2026-02-18 06:25:13.703505+00","2026-02-18 06:25:13.703505+00"
"151","43","2","OPEN","ASSIGNED","ASSIGN","Solver auto-assigned","2026-02-18 07:25:13.703505+00","2026-02-18 07:25:13.703505+00"
"152","44","3",,"OPEN","ASSIGN","Issue created via chat","2026-02-18 04:25:13.703505+00","2026-02-18 04:25:13.703505+00"
"153","44","3","OPEN","ASSIGNED","ASSIGN","Solver auto-assigned","2026-02-18 05:25:13.703505+00","2026-02-18 05:25:13.703505+00"
"154","45","3",,"OPEN","ASSIGN","Issue created via chat","2026-02-18 02:25:13.703505+00","2026-02-18 02:25:13.703505+00"
"155","45","3","OPEN","ASSIGNED","ASSIGN","Solver auto-assigned","2026-02-18 03:25:13.703505+00","2026-02-18 03:25:13.703505+00"
"156","46","1",,"OPEN","ASSIGN","Issue created via chat","2026-02-18 00:25:13.703505+00","2026-02-18 00:25:13.703505+00"
"157","46","1","OPEN","ASSIGNED","ASSIGN","Solver auto-assigned","2026-02-18 01:25:13.703505+00","2026-02-18 01:25:13.703505+00"
"158","47","2",,"OPEN","ASSIGN","Issue created via chat","2026-02-17 22:25:13.703505+00","2026-02-17 22:25:13.703505+00"
"159","47","2","OPEN","ASSIGNED","ASSIGN","Solver auto-assigned","2026-02-17 23:25:13.703505+00","2026-02-17 23:25:13.703505+00"
"160","48","2",,"OPEN","ASSIGN","Issue created via chat","2026-02-17 20:25:13.703505+00","2026-02-17 20:25:13.703505+00"
"161","48","2","OPEN","ASSIGNED","ASSIGN","Solver auto-assigned","2026-02-17 21:25:13.703505+00","2026-02-17 21:25:13.703505+00"
"162","49","3",,"OPEN","ASSIGN","Issue created via chat","2026-02-17 18:25:13.703505+00","2026-02-17 18:25:13.703505+00"
"163","49","3","OPEN","ASSIGNED","ASSIGN","Solver auto-assigned","2026-02-17 19:25:13.703505+00","2026-02-17 19:25:13.703505+00"
"164","50","1",,"OPEN","ASSIGN","Issue created via chat","2026-02-17 16:25:13.703505+00","2026-02-17 16:25:13.703505+00"
"165","50","1","OPEN","ASSIGNED","ASSIGN","Solver auto-assigned","2026-02-17 17:25:13.703505+00","2026-02-17 17:25:13.703505+00"
"166","51","2",,"OPEN","ASSIGN","Issue created via chat","2026-02-17 14:25:13.703505+00","2026-02-17 14:25:13.703505+00"
"167","51","2","OPEN","ASSIGNED","ASSIGN","Solver auto-assigned","2026-02-17 15:25:13.703505+00","2026-02-17 15:25:13.703505+00"
"168","52","3",,"OPEN","ASSIGN","Issue created via chat","2026-02-17 12:25:13.703505+00","2026-02-17 12:25:13.703505+00"
"169","52","3","OPEN","ASSIGNED","ASSIGN","Solver auto-assigned","2026-02-17 13:25:13.703505+00","2026-02-17 13:25:13.703505+00"
"170","53","3",,"OPEN","ASSIGN","Issue created via chat","2026-02-19 10:25:13.703505+00","2026-02-19 10:25:13.703505+00"
"171","54","3",,"OPEN","ASSIGN","Issue created via chat","2026-02-19 09:25:13.703505+00","2026-02-19 09:25:13.703505+00"
"172","55","1",,"OPEN","ASSIGN","Issue created via chat","2026-02-19 08:25:13.703505+00","2026-02-19 08:25:13.703505+00"
"173","56","2",,"OPEN","ASSIGN","Issue created via chat","2026-02-19 07:25:13.703505+00","2026-02-19 07:25:13.703505+00"
"174","57","3",,"OPEN","ASSIGN","Issue created via chat","2026-02-19 06:25:13.703505+00","2026-02-19 06:25:13.703505+00"
"175","58","2",,"OPEN","ASSIGN","Issue created via chat","2026-02-19 05:25:13.703505+00","2026-02-19 05:25:13.703505+00"
"176","59","1",,"OPEN","ASSIGN","Issue created via chat","2026-02-19 04:25:13.703505+00","2026-02-19 04:25:13.703505+00"
"177","60","1",,"OPEN","ASSIGN","Issue created via chat","2026-02-19 03:25:13.703505+00","2026-02-19 03:25:13.703505+00"
"178","61","1",,"OPEN","ASSIGN","Issue created via chat","2026-02-19 02:25:13.703505+00","2026-02-19 02:25:13.703505+00"
"179","62","2",,"OPEN","ASSIGN","Issue created via chat","2026-02-19 01:25:13.703505+00","2026-02-19 01:25:13.703505+00"
"180","63","2",,"OPEN","ASSIGN","Issue created via chat","2026-02-19 00:25:13.703505+00","2026-02-19 00:25:13.703505+00"
"181","64","3",,"OPEN","ASSIGN","Issue created via chat","2026-02-18 23:25:13.703505+00","2026-02-18 23:25:13.703505+00"
"182","65","3",,"OPEN","ASSIGN","Issue created via chat","2026-02-18 22:25:13.703505+00","2026-02-18 22:25:13.703505+00"
"183","66","1",,"OPEN","ASSIGN","Issue created via chat","2026-02-18 21:25:13.703505+00","2026-02-18 21:25:13.703505+00"
"184","67","2",,"OPEN","ASSIGN","Issue created via chat","2026-02-18 20:25:13.703505+00","2026-02-18 20:25:13.703505+00"
"185","68","2",,"OPEN","ASSIGN","Issue created via chat","2026-02-15 10:25:13.703505+00","2026-02-15 10:25:13.703505+00"
"186","68","2","OPEN","ASSIGNED","ASSIGN","Solver auto-assigned","2026-02-15 11:25:13.703505+00","2026-02-15 11:25:13.703505+00"
"187","68",,"ASSIGNED","IN_PROGRESS","UPDATE","Solver started work","2026-02-15 13:25:13.703505+00","2026-02-15 13:25:13.703505+00"
"188","69","3",,"OPEN","ASSIGN","Issue created via chat","2026-02-15 07:25:13.703505+00","2026-02-15 07:25:13.703505+00"
"189","69","3","OPEN","ASSIGNED","ASSIGN","Solver auto-assigned","2026-02-15 08:25:13.703505+00","2026-02-15 08:25:13.703505+00"
"190","69",,"ASSIGNED","IN_PROGRESS","UPDATE","Solver started work","2026-02-15 10:25:13.703505+00","2026-02-15 10:25:13.703505+00"
"191","70","1",,"OPEN","ASSIGN","Issue created via chat","2026-02-15 04:25:13.703505+00","2026-02-15 04:25:13.703505+00"
"192","70","1","OPEN","ASSIGNED","ASSIGN","Solver auto-assigned","2026-02-15 05:25:13.703505+00","2026-02-15 05:25:13.703505+00"
"193","70",,"ASSIGNED","IN_PROGRESS","UPDATE","Solver started work","2026-02-15 07:25:13.703505+00","2026-02-15 07:25:13.703505+00"
"194","71","2",,"OPEN","ASSIGN","Issue created via chat","2026-02-15 01:25:13.703505+00","2026-02-15 01:25:13.703505+00"
"195","71","2","OPEN","ASSIGNED","ASSIGN","Solver auto-assigned","2026-02-15 02:25:13.703505+00","2026-02-15 02:25:13.703505+00"
"196","71",,"ASSIGNED","IN_PROGRESS","UPDATE","Solver started work","2026-02-15 04:25:13.703505+00","2026-02-15 04:25:13.703505+00"
"197","72","3",,"OPEN","ASSIGN","Issue created via chat","2026-02-14 22:25:13.703505+00","2026-02-14 22:25:13.703505+00"
"198","72","3","OPEN","ASSIGNED","ASSIGN","Solver auto-assigned","2026-02-14 23:25:13.703505+00","2026-02-14 23:25:13.703505+00"
"199","72",,"ASSIGNED","IN_PROGRESS","UPDATE","Solver started work","2026-02-15 01:25:13.703505+00","2026-02-15 01:25:13.703505+00"
"200","73","1",,"OPEN","ASSIGN","Issue created via chat","2026-02-14 19:25:13.703505+00","2026-02-14 19:25:13.703505+00"
"201","73","1","OPEN","ASSIGNED","ASSIGN","Solver auto-assigned","2026-02-14 20:25:13.703505+00","2026-02-14 20:25:13.703505+00"
"202","73",,"ASSIGNED","IN_PROGRESS","UPDATE","Solver started work","2026-02-14 22:25:13.703505+00","2026-02-14 22:25:13.703505+00"
"203","74","2",,"OPEN","ASSIGN","Issue created via chat","2026-02-14 16:25:13.703505+00","2026-02-14 16:25:13.703505+00"
"204","74","2","OPEN","ASSIGNED","ASSIGN","Solver auto-assigned","2026-02-14 17:25:13.703505+00","2026-02-14 17:25:13.703505+00"
"205","74",,"ASSIGNED","IN_PROGRESS","UPDATE","Solver started work","2026-02-14 19:25:13.703505+00","2026-02-14 19:25:13.703505+00"
"206","75","3",,"OPEN","ASSIGN","Issue created via chat","2026-02-14 13:25:13.703505+00","2026-02-14 13:25:13.703505+00"
"207","75","3","OPEN","ASSIGNED","ASSIGN","Solver auto-assigned","2026-02-14 14:25:13.703505+00","2026-02-14 14:25:13.703505+00"
"208","75",,"ASSIGNED","IN_PROGRESS","UPDATE","Solver started work","2026-02-14 16:25:13.703505+00","2026-02-14 16:25:13.703505+00"
"209","76","1",,"OPEN","ASSIGN","Issue created via chat","2026-02-14 10:25:13.703505+00","2026-02-14 10:25:13.703505+00"
"210","76","1","OPEN","ASSIGNED","ASSIGN","Solver auto-assigned","2026-02-14 11:25:13.703505+00","2026-02-14 11:25:13.703505+00"
"211","76",,"ASSIGNED","IN_PROGRESS","UPDATE","Solver started work","2026-02-14 13:25:13.703505+00","2026-02-14 13:25:13.703505+00"
"212","76","1","RESOLVED_PENDING_REVIEW","REOPENED","COMPLAINT","Complaint filed — work unsatisfactory","2026-02-20 03:25:13.703505+00","2026-02-20 03:25:13.703505+00"
"213","77","2",,"OPEN","ASSIGN","Issue created via chat","2026-02-14 08:25:13.703505+00","2026-02-14 08:25:13.703505+00"
"214","77","2","OPEN","ASSIGNED","ASSIGN","Solver auto-assigned","2026-02-14 09:25:13.703505+00","2026-02-14 09:25:13.703505+00"
"215","77",,"ASSIGNED","IN_PROGRESS","UPDATE","Solver started work","2026-02-14 11:25:13.703505+00","2026-02-14 11:25:13.703505+00"
"216","77","2","RESOLVED_PENDING_REVIEW","REOPENED","COMPLAINT","Complaint filed — work unsatisfactory","2026-02-20 02:25:13.703505+00","2026-02-20 02:25:13.703505+00"
"217","78","3",,"OPEN","ASSIGN","Issue created via chat","2026-02-14 06:25:13.703505+00","2026-02-14 06:25:13.703505+00"
"218","78","3","OPEN","ASSIGNED","ASSIGN","Solver auto-assigned","2026-02-14 07:25:13.703505+00","2026-02-14 07:25:13.703505+00"
"219","78",,"ASSIGNED","IN_PROGRESS","UPDATE","Solver started work","2026-02-14 09:25:13.703505+00","2026-02-14 09:25:13.703505+00"
"220","78","3","RESOLVED_PENDING_REVIEW","REOPENED","COMPLAINT","Complaint filed — work unsatisfactory","2026-02-20 01:25:13.703505+00","2026-02-20 01:25:13.703505+00"
"221","79","3",,"OPEN","ASSIGN","Issue created via chat","2026-02-14 04:25:13.703505+00","2026-02-14 04:25:13.703505+00"
"222","79","3","OPEN","ASSIGNED","ASSIGN","Solver auto-assigned","2026-02-14 05:25:13.703505+00","2026-02-14 05:25:13.703505+00"
"223","79",,"ASSIGNED","IN_PROGRESS","UPDATE","Solver started work","2026-02-14 07:25:13.703505+00","2026-02-14 07:25:13.703505+00"
"224","79","3","RESOLVED_PENDING_REVIEW","REOPENED","COMPLAINT","Complaint filed — work unsatisfactory","2026-02-20 00:25:13.703505+00","2026-02-20 00:25:13.703505+00"
"225","80","1",,"OPEN","ASSIGN","Issue created via chat","2026-02-14 02:25:13.703505+00","2026-02-14 02:25:13.703505+00"
"226","80","1","OPEN","ASSIGNED","ASSIGN","Solver auto-assigned","2026-02-14 03:25:13.703505+00","2026-02-14 03:25:13.703505+00"
"227","80",,"ASSIGNED","IN_PROGRESS","UPDATE","Solver started work","2026-02-14 05:25:13.703505+00","2026-02-14 05:25:13.703505+00"
"228","80","1","RESOLVED_PENDING_REVIEW","REOPENED","COMPLAINT","Complaint filed — work unsatisfactory","2026-02-19 23:25:13.703505+00","2026-02-19 23:25:13.703505+00"
"229","81","2",,"OPEN","ASSIGN","Issue created via chat","2026-02-14 00:25:13.703505+00","2026-02-14 00:25:13.703505+00"
"230","81","2","OPEN","ASSIGNED","ASSIGN","Solver auto-assigned","2026-02-14 01:25:13.703505+00","2026-02-14 01:25:13.703505+00"
"231","81",,"ASSIGNED","IN_PROGRESS","UPDATE","Solver started work","2026-02-14 03:25:13.703505+00","2026-02-14 03:25:13.703505+00"
"232","81","2","RESOLVED_PENDING_REVIEW","REOPENED","COMPLAINT","Complaint filed — work unsatisfactory","2026-02-19 22:25:13.703505+00","2026-02-19 22:25:13.703505+00"
"233","82","2",,"OPEN","ASSIGN","Issue created via chat","2026-02-13 22:25:13.703505+00","2026-02-13 22:25:13.703505+00"
"234","82","2","OPEN","ASSIGNED","ASSIGN","Solver auto-assigned","2026-02-13 23:25:13.703505+00","2026-02-13 23:25:13.703505+00"
"235","82",,"ASSIGNED","IN_PROGRESS","UPDATE","Solver started work","2026-02-14 01:25:13.703505+00","2026-02-14 01:25:13.703505+00"
"236","82","2","RESOLVED_PENDING_REVIEW","REOPENED","COMPLAINT","Complaint filed — work unsatisfactory","2026-02-19 21:25:13.703505+00","2026-02-19 21:25:13.703505+00"
"237","83","2",,"OPEN","ASSIGN","Issue created via chat","2026-02-13 20:25:13.703505+00","2026-02-13 20:25:13.703505+00"
"238","83","2","OPEN","ASSIGNED","ASSIGN","Solver auto-assigned","2026-02-13 21:25:13.703505+00","2026-02-13 21:25:13.703505+00"
"239","83",,"ASSIGNED","IN_PROGRESS","UPDATE","Solver started work","2026-02-13 23:25:13.703505+00","2026-02-13 23:25:13.703505+00"
"240","83","2","RESOLVED_PENDING_REVIEW","REOPENED","COMPLAINT","Complaint filed — work unsatisfactory","2026-02-19 20:25:13.703505+00","2026-02-19 20:25:13.703505+00"
"241","84","3",,"OPEN","ASSIGN","Issue created via chat","2026-02-16 10:25:13.703505+00","2026-02-16 10:25:13.703505+00"
"242","84","3","OPEN","ASSIGNED","ASSIGN","Solver auto-assigned","2026-02-16 11:25:13.703505+00","2026-02-16 11:25:13.703505+00"
"243","84",,"ASSIGNED","IN_PROGRESS","UPDATE","Solver started work","2026-02-16 13:25:13.703505+00","2026-02-16 13:25:13.703505+00"
"244","84",,"IN_PROGRESS","ESCALATED","UPDATE","System escalated — no response","2026-02-20 10:25:13.703505+00","2026-02-20 10:25:13.703505+00"
"245","85","3",,"OPEN","ASSIGN","Issue created via chat","2026-02-16 07:25:13.703505+00","2026-02-16 07:25:13.703505+00"
"246","85","3","OPEN","ASSIGNED","ASSIGN","Solver auto-assigned","2026-02-16 08:25:13.703505+00","2026-02-16 08:25:13.703505+00"
"247","85",,"ASSIGNED","IN_PROGRESS","UPDATE","Solver started work","2026-02-16 10:25:13.703505+00","2026-02-16 10:25:13.703505+00"
"248","85",,"IN_PROGRESS","ESCALATED","UPDATE","System escalated — no response","2026-02-20 08:25:13.703505+00","2026-02-20 08:25:13.703505+00"
"249","86","2",,"OPEN","ASSIGN","Issue created via chat","2026-02-16 04:25:13.703505+00","2026-02-16 04:25:13.703505+00"
"250","86","2","OPEN","ASSIGNED","ASSIGN","Solver auto-assigned","2026-02-16 05:25:13.703505+00","2026-02-16 05:25:13.703505+00"
"251","86",,"ASSIGNED","IN_PROGRESS","UPDATE","Solver started work","2026-02-16 07:25:13.703505+00","2026-02-16 07:25:13.703505+00"
"252","86",,"IN_PROGRESS","ESCALATED","UPDATE","System escalated — no response","2026-02-20 06:25:13.703505+00","2026-02-20 06:25:13.703505+00"
"253","87","2",,"OPEN","ASSIGN","Issue created via chat","2026-02-16 01:25:13.703505+00","2026-02-16 01:25:13.703505+00"
"254","87","2","OPEN","ASSIGNED","ASSIGN","Solver auto-assigned","2026-02-16 02:25:13.703505+00","2026-02-16 02:25:13.703505+00"
"255","87",,"ASSIGNED","IN_PROGRESS","UPDATE","Solver started work","2026-02-16 04:25:13.703505+00","2026-02-16 04:25:13.703505+00"
"256","87",,"IN_PROGRESS","ESCALATED","UPDATE","System escalated — no response","2026-02-20 04:25:13.703505+00","2026-02-20 04:25:13.703505+00"
"257","88","3",,"OPEN","ASSIGN","Issue created via chat","2026-02-15 22:25:13.703505+00","2026-02-15 22:25:13.703505+00"
"258","88","3","OPEN","ASSIGNED","ASSIGN","Solver auto-assigned","2026-02-15 23:25:13.703505+00","2026-02-15 23:25:13.703505+00"
"259","88",,"ASSIGNED","IN_PROGRESS","UPDATE","Solver started work","2026-02-16 01:25:13.703505+00","2026-02-16 01:25:13.703505+00"
"260","88",,"IN_PROGRESS","ESCALATED","UPDATE","System escalated — no response","2026-02-20 02:25:13.703505+00","2026-02-20 02:25:13.703505+00"
"261","89","3",,"OPEN","ASSIGN","Issue created via chat","2026-02-15 19:25:13.703505+00","2026-02-15 19:25:13.703505+00"
"262","89","3","OPEN","ASSIGNED","ASSIGN","Solver auto-assigned","2026-02-15 20:25:13.703505+00","2026-02-15 20:25:13.703505+00"
"263","89",,"ASSIGNED","IN_PROGRESS","UPDATE","Solver started work","2026-02-15 22:25:13.703505+00","2026-02-15 22:25:13.703505+00"
"264","89",,"IN_PROGRESS","ESCALATED","UPDATE","System escalated — no response","2026-02-20 00:25:13.703505+00","2026-02-20 00:25:13.703505+00"
"265","90","2",,"OPEN","ASSIGN","Issue created via chat","2026-02-15 16:25:13.703505+00","2026-02-15 16:25:13.703505+00"
"266","90","2","OPEN","ASSIGNED","ASSIGN","Solver auto-assigned","2026-02-15 17:25:13.703505+00","2026-02-15 17:25:13.703505+00"
"267","90",,"ASSIGNED","IN_PROGRESS","UPDATE","Solver started work","2026-02-15 19:25:13.703505+00","2026-02-15 19:25:13.703505+00"
"268","90",,"IN_PROGRESS","ESCALATED","UPDATE","System escalated — no response","2026-02-19 22:25:13.703505+00","2026-02-19 22:25:13.703505+00"
"269","91","1",,"OPEN","ASSIGN","Created via chat by Priya Sharma","2026-02-20 12:57:45.3968+00","2026-02-20 12:57:45.3968+00"
"270","91","1","OPEN","ASSIGNED","ASSIGN","Auto-assigned to Vijay Moorthy (skill: mechanical, priority: 7)","2026-02-20 12:57:45.3968+00","2026-02-20 12:57:45.3968+00"
"271","92","1",,"OPEN","ASSIGN","Created via chat by Priya Sharma","2026-02-20 12:58:08.742562+00","2026-02-20 12:58:08.742562+00"
"272","92","1","OPEN","ASSIGNED","ASSIGN","Auto-assigned to Vijay Moorthy (skill: mechanical, priority: 7)","2026-02-20 12:58:08.742562+00","2026-02-20 12:58:08.742562+00"
"273","2","1","COMPLETED","COMPLETED","UPDATE","Deadline extended +7d → 2026-02-20 10:25 by Priya Sharma","2026-03-11 11:51:58.280714+00","2026-03-11 11:51:58.280714+00"
"274","3","1","COMPLETED","COMPLETED","UPDATE","Deadline extended +7d → 2026-02-18 10:25 by Priya Sharma","2026-03-11 12:01:18.556513+00","2026-03-11 12:01:18.556513+00"
"275","4","1","COMPLETED","COMPLETED","UPDATE","Deadline extended +7d → 2026-02-22 10:25 by Priya Sharma","2026-03-11 12:01:56.569837+00","2026-03-11 12:01:56.569837+00"
"276","3","1","COMPLETED","COMPLETED","UPDATE","Priority: high → high by Priya Sharma","2026-03-11 12:08:46.405354+00","2026-03-11 12:08:46.405354+00"
"277","3","1","COMPLETED","COMPLETED","UPDATE","Priority: high → medium by Priya Sharma","2026-03-11 12:10:11.134718+00","2026-03-11 12:10:11.134718+00"